episode,score,train_avg_score,pellets,reward,steps,loss,epsilon,val_score,val_pellets
1,-160,-160,4,-107.0,10,12.3295,0.9975,,
2,-170,-165,3,-119.5,11,8.1237,0.995,,
3,-130,-153.3,7,-72.5,13,11.1216,0.9925,,
4,-140,-150,6,-82.5,9,9.5179,0.99,,
5,-160,-152,4,-106.0,8,12.2442,0.9876,,
6,-150,-151.7,5,-96.5,13,10.1676,0.9851,,
7,-110,-145.7,9,-57.5,31,10.3597,0.9826,,
8,-150,-146.2,5,-98.5,17,10.1725,0.9802,,
9,-100,-141.1,10,-44.5,29,10.8269,0.9777,,
10,-150,-142,5,-95.5,11,9.1982,0.9753,,
11,-150,-142.7,5,-96.5,13,7.426,0.9728,,
12,-160,-144.2,4,-111.5,19,10.4597,0.9704,,
13,-150,-144.6,5,-97.5,15,8.8667,0.968,,
14,-130,-143.6,7,-73.5,15,11.5203,0.9656,,
15,-80,-139.3,12,-15.0,18,8.5627,0.9631,,
16,-150,-140,5,-94.5,9,6.2516,0.9607,,
17,-160,-141.2,4,-109.0,14,10.5283,0.9583,,
18,-120,-140,8,-68.5,29,9.9553,0.9559,,
19,-150,-140.5,5,-93.5,7,12.0898,0.9536,,
20,-140,-140.5,6,-95.5,35,9.5651,0.9512,,
21,-160,-141.4,4,-106.0,8,11.3778,0.9488,,
22,-150,-141.8,5,-98.5,17,10.5561,0.9464,,
23,-110,-140.4,9,-53.0,22,10.7107,0.9441,,
24,-120,-139.6,8,-59.0,10,11.194,0.9417,,
25,-120,-138.8,8,-65.0,22,12.5612,0.9393,,
26,-130,-138.5,7,-77.0,22,10.4182,0.937,,
27,-70,-135.9,13,-6.5,25,10.5319,0.9346,,
28,-140,-136.1,6,-81.5,7,8.6517,0.9323,,
29,-160,-136.9,4,-106.5,9,11.8726,0.93,,
30,-150,-137.3,5,-93.5,7,11.894,0.9277,,
31,-60,-134,14,4.0,28,10.0425,0.9253,,
32,-80,-131,12,-17.5,23,9.2508,0.923,,
33,-160,-132,4,-107.5,11,10.6224,0.9207,,
34,-140,-132,6,-90.0,24,8.8191,0.9184,,
35,-120,-130.7,8,-59.5,11,9.4814,0.9161,,
36,-60,-127.7,14,0.5,35,10.2704,0.9138,,
37,-140,-128.7,6,-85.5,15,11.2882,0.9115,,
38,-150,-128.7,5,-95.5,11,9.9283,0.9093,,
39,-170,-131,3,-119.5,11,10.4463,0.907,,
40,-150,-131,5,-95.5,11,9.7684,0.9047,,
41,-130,-130.3,7,-72.5,13,10.9687,0.9025,,
42,-150,-130,5,-93.5,7,11.7562,0.9002,,
43,-150,-130,5,-95.5,11,11.3257,0.898,,
44,-170,-131.3,3,-120.0,12,10.9539,0.8957,,
45,-130,-133,7,-76.0,20,9.2908,0.8935,,
46,-140,-132.7,6,-89.0,22,11.4021,0.8912,,
47,-150,-132.3,5,-95.5,11,10.7073,0.889,,
48,-50,-130,15,8.5,43,11.6612,0.8868,,
49,-140,-129.7,6,-81.5,7,12.3294,0.8846,,
50,-100,-128.3,10,-39.5,19,9.766,0.8824,-160,4
51,-160,-128.3,4,-108.5,13,9.8503,0.8802,,
52,-120,-127.3,8,-69.5,31,9.9923,0.878,,
53,-140,-128.3,6,-85.5,15,11.1139,0.8758,,
54,-150,-129.3,5,-93.5,7,11.6559,0.8736,,
55,-150,-130.3,5,-93.5,7,11.167,0.8714,,
56,-160,-131.3,4,-106.5,9,9.5963,0.8692,,
57,-130,-133.3,7,-74.0,16,10.772,0.867,,
58,-160,-134,4,-107.5,11,11.7589,0.8649,,
59,-160,-134,4,-108.5,13,11.6962,0.8627,,
60,-100,-132.3,10,-42.0,24,11.3145,0.8605,,
61,-130,-134.7,7,-73.5,15,9.863,0.8584,,
62,-110,-135.7,9,-52.5,21,11.2773,0.8562,,
63,-160,-135.7,4,-106.5,9,7.9368,0.8541,,
64,-160,-136.3,4,-107.5,11,11.3007,0.852,,
65,-120,-136.3,8,-59.5,11,12.1088,0.8498,,
66,-150,-139.3,5,-95.5,11,12.0423,0.8477,,
67,-170,-140.3,3,-119.5,11,11.1375,0.8456,,
68,-170,-141,3,-119.0,10,9.304,0.8435,,
69,-110,-139,9,-58.0,32,11.2385,0.8414,,
70,-150,-139,5,-95.0,10,9.8536,0.8393,,
71,-150,-139.7,5,-94.0,8,11.1465,0.8372,,
72,-110,-138.3,9,-50.5,17,10.9312,0.8351,,
73,-110,-137,9,-62.0,40,10.9417,0.833,,
74,-50,-133,15,11.0,38,11.4334,0.8309,,
75,-120,-132.7,8,-68.5,29,12.5951,0.8288,,
76,-120,-132,8,-71.0,34,11.0733,0.8268,,
77,-120,-131,8,-66.5,25,9.8832,0.8247,,
78,-90,-132.3,11,-34.0,32,11.3938,0.8226,,
79,-160,-133,4,-107.5,11,10.5746,0.8206,,
80,-150,-134.7,5,-93.5,7,11.2651,0.8185,,
81,-150,-134.3,5,-105.5,31,10.2277,0.8165,,
82,-70,-132.7,13,-7.0,26,11.1177,0.8144,,
83,-160,-133.3,4,-107.5,11,11.1611,0.8124,,
84,-140,-133,6,-84.5,13,10.0303,0.8104,,
85,-170,-133.7,3,-120.5,13,12.7414,0.8083,,
86,-170,-134,3,-118.5,9,9.218,0.8063,,
87,-50,-131.3,15,20.5,19,10.8288,0.8043,,
88,-170,-131.7,3,-119.5,11,11.722,0.8023,,
89,-150,-131.3,5,-93.5,7,11.5912,0.8003,,
90,-150,-133,5,-96.5,13,9.3862,0.7983,,
91,-140,-133.3,6,-81.5,7,7.815,0.7963,,
92,-120,-133.7,8,-58.5,9,10.2236,0.7943,,
93,-160,-133.7,4,-106.5,9,10.7691,0.7923,,
94,-130,-132.7,7,-80.0,28,11.7664,0.7903,,
95,-130,-133,7,-70.5,9,9.1806,0.7884,,
96,-130,-132.3,7,-74.5,17,12.0325,0.7864,,
97,-140,-131.3,6,-95.5,35,11.2574,0.7844,,
98,-60,-127.7,14,1.5,33,10.6832,0.7825,,
99,-140,-128.7,6,-81.5,7,11.9011,0.7805,,
100,-140,-128.3,6,-84.5,13,11.7112,0.7786,-140,6
101,-100,-126.7,10,-45.5,31,11.1482,0.7766,,
102,-140,-127.7,6,-83.5,11,13.2731,0.7747,,
103,-170,-129.7,3,-121.5,15,11.089,0.7727,,
104,-130,-132.3,7,-81.5,31,10.5158,0.7708,,
105,-10,-128.7,19,27.0,102,10.3558,0.7689,,
106,-150,-129.7,5,-93.5,7,8.6196,0.767,,
107,-170,-131.3,3,-120.0,12,9.2921,0.765,,
108,-170,-134,3,-118.5,9,9.6169,0.7631,,
109,-140,-133.3,6,-85.5,15,13.1537,0.7612,,
110,-170,-134,3,-118.5,9,7.9479,0.7593,,
111,-160,-134.3,4,-107.0,10,9.0327,0.7574,,
112,-130,-136.3,7,-73.5,15,9.7556,0.7555,,
113,-80,-133.7,12,-15.0,18,10.2533,0.7536,,
114,-150,-134,5,-94.5,9,10.5495,0.7517,,
115,-120,-132.3,8,-70.5,33,10.2668,0.7499,,
116,-80,-129.3,12,-20.5,29,11.8619,0.748,,
117,-100,-131,10,-40.5,21,12.7648,0.7461,,
118,-20,-126,18,52.0,28,11.9112,0.7443,,
119,-140,-125.7,6,-84.5,13,13.83,0.7424,,
120,-160,-126,4,-108.0,12,10.8909,0.7405,,
121,-130,-125.7,7,-74.5,17,11.5821,0.7387,,
122,-140,-126.3,6,-86.5,17,11.7165,0.7368,,
123,-160,-126.3,4,-111.5,19,11.9494,0.735,,
124,-70,-124.3,13,-6.0,24,11.3927,0.7332,,
125,-100,-123.3,10,-39.5,19,10.7953,0.7313,,
126,140,-114.3,34,195.5,125,9.8665,0.7295,,
127,-150,-114.7,5,-93.5,7,10.1514,0.7277,,
128,-100,-116,10,-39.5,19,10.6545,0.7259,,
129,-170,-117,3,-119.5,11,10.259,0.724,,
130,-150,-117.3,5,-93.0,6,7.5029,0.7222,,
131,-150,-119,5,-95.0,10,8.9145,0.7204,,
132,-150,-119.3,5,-96.0,12,9.9803,0.7186,,
133,-80,-116.3,12,-18.5,25,11.0254,0.7168,,
134,-150,-117,5,-94.5,9,10.9515,0.715,,
135,30,-115.7,23,89.5,73,11.3764,0.7133,,
136,-130,-115,7,-72.5,13,8.7593,0.7115,,
137,-160,-114.7,4,-107.0,10,10.2845,0.7097,,
138,140,-104.3,34,185.5,145,10.3137,0.7079,,
139,-110,-103.3,9,-57.0,30,9.718,0.7061,,
140,-130,-102,7,-72.0,12,9.8871,0.7044,,
141,-140,-101.3,6,-84.0,12,10.9316,0.7026,,
142,-110,-100.7,9,-50.5,17,10.4809,0.7009,,
143,-150,-103,5,-93.0,6,10.8891,0.6991,,
144,-120,-102,8,-62.0,16,9.3041,0.6974,,
145,-150,-103,5,-93.0,6,8.5541,0.6956,,
146,-110,-104,9,-50.0,16,9.7235,0.6939,,
147,-80,-103.3,12,-20.5,29,10.6974,0.6921,,
148,-120,-106.7,8,-69.0,30,10.9647,0.6904,,
149,-110,-105.7,9,-51.5,19,10.427,0.6887,,
150,-50,-102,15,15.5,29,9.6991,0.687,-70,13
151,-140,-102.3,6,-81.5,7,13.8161,0.6852,,
152,-170,-103.3,3,-119.5,11,9.3572,0.6835,,
153,-150,-103,5,-94.5,9,10.4544,0.6818,,
154,-150,-105.7,5,-93.5,7,9.9695,0.6801,,
155,-150,-107.3,5,-96.5,13,11.3892,0.6784,,
156,-140,-116.7,6,-86.5,17,9.5651,0.6767,,
157,-160,-117,4,-106.5,9,10.2464,0.675,,
158,-150,-118.7,5,-95.5,11,10.8768,0.6733,,
159,-20,-113.7,18,43.5,45,8.991,0.6717,,
160,-130,-113,7,-72.0,12,9.799,0.67,,
161,-100,-111.3,10,-39.0,18,9.7467,0.6683,,
162,-120,-110.3,8,-67.5,27,11.4075,0.6666,,
163,-160,-113,4,-107.5,11,12.124,0.665,,
164,-170,-113.7,3,-118.5,9,10.0571,0.6633,,
165,-160,-120,4,-106.0,8,12.7381,0.6617,,
166,-40,-117,16,29.0,26,10.4952,0.66,,
167,-30,-112.7,17,34.5,39,10.0329,0.6583,,
168,-130,-121.7,7,-72.5,13,11.0407,0.6567,,
169,240,-110,44,340.0,76,12.1772,0.6551,,
170,-120,-109.7,8,-65.0,22,9.9836,0.6534,,
171,-120,-109,8,-66.5,25,10.8185,0.6518,,
172,-20,-106,18,44.5,43,10.4324,0.6502,,
173,-110,-104.7,9,-51.0,18,11.1001,0.6485,,
174,-170,-106.3,3,-119.0,10,11.0255,0.6469,,
175,-160,-106.7,4,-107.0,10,11.9585,0.6453,,
176,-110,-106.7,9,-52.0,20,9.7781,0.6437,,
177,-150,-109,5,-95.5,11,11.5196,0.6421,,
178,-30,-106,17,35.5,37,10.0865,0.6405,,
179,-150,-107.3,5,-93.5,7,10.4658,0.6389,,
180,-120,-109.7,8,-62.0,16,12.4543,0.6373,,
181,-150,-110,5,-94.0,8,11.9403,0.6357,,
182,-10,-104.7,19,63.0,30,10.7882,0.6341,,
183,-80,-102.3,12,-13.5,15,11.5012,0.6325,,
184,-120,-101.3,8,-71.0,34,10.3466,0.6309,,
185,-140,-101,6,-81.5,7,10.8079,0.6293,,
186,-150,-101.3,5,-94.5,9,11.4094,0.6278,,
187,-170,-101.7,3,-119.5,11,8.8513,0.6262,,
188,-20,-97.3,18,52.5,27,12.1254,0.6246,,
189,-40,-98,16,28.5,27,11.5142,0.6231,,
190,-120,-97.7,8,-61.0,14,11.078,0.6215,,
191,-30,-95.3,17,40.0,28,12.2411,0.62,,
192,-10,-91.7,19,63.0,30,11.0171,0.6184,,
193,-40,-87.7,16,26.0,32,11.4427,0.6169,,
194,-30,-83,17,34.5,39,10.799,0.6153,,
195,-160,-83,4,-107.5,11,12.1058,0.6138,,
196,-150,-86.7,5,-94.5,9,13.9961,0.6123,,
197,-70,-88,13,-12.0,36,10.7293,0.6107,,
198,-150,-88.7,5,-93.5,7,13.3424,0.6092,,
199,-90,-99.7,11,-37.0,38,10.7945,0.6077,,
200,-150,-100.7,5,-94.0,8,8.3953,0.6062,240,24
201,-120,-100.7,8,-64.5,21,12.1517,0.6046,,
202,-150,-105,5,-97.0,14,10.9532,0.6031,,
203,-140,-106,6,-84.5,13,11.2323,0.6016,,
204,-60,-102.3,14,6.0,24,12.4303,0.6001,,
205,-160,-102.3,4,-106.0,8,9.2362,0.5986,,
206,-130,-103,7,-73.0,14,11.0011,0.5971,,
207,-80,-100.7,12,-18.5,25,12.0255,0.5956,,
208,-160,-105,4,-108.0,12,14.7319,0.5941,,
209,-140,-104.7,6,-84.0,12,11.8195,0.5926,,
210,-50,-102.3,15,19.0,22,11.061,0.5912,,
211,-170,-103,3,-119.5,11,10.9626,0.5897,,
212,-60,-104.7,14,8.5,19,10.5866,0.5882,,
213,-160,-107.3,4,-107.5,11,13.208,0.5867,,
214,-130,-107.7,7,-76.5,21,10.9082,0.5853,,
215,-160,-108.3,4,-107.5,11,14.3314,0.5838,,
216,50,-101.7,25,126.5,47,11.9227,0.5824,,
217,-90,-99,11,-27.0,18,11.2771,0.5809,,
218,-90,-101.3,11,-28.0,20,11.3539,0.5794,,
219,-10,-100.3,19,57.5,41,11.9722,0.578,,
220,-130,-100.7,7,-72.5,13,13.5631,0.5766,,
221,-40,-101,16,30.5,23,11.998,0.5751,,
222,-140,-105.3,6,-81.5,7,13.4164,0.5737,,
223,-110,-107.7,9,-50.5,17,11.0191,0.5722,,
224,-40,-108,16,28.5,27,10.6695,0.5708,,
225,-140,-107.3,6,-84.5,13,11.3594,0.5694,,
226,-30,-103.3,17,40.0,28,12.3739,0.568,,
227,-150,-106,5,-93.0,6,12.032,0.5665,,
228,-40,-102.3,16,15.0,54,11.4164,0.5651,,
229,-50,-101,15,18.0,24,11.172,0.5637,,
230,-70,-98.3,13,-3.0,18,12.8317,0.5623,,
231,-100,-97.7,10,-37.0,14,12.1003,0.5609,,
232,-90,-95.7,11,-25.5,15,12.9243,0.5595,,
233,-160,-96.3,4,-106.5,9,9.852,0.5581,,
234,60,-92.3,26,131.0,62,11.7883,0.5567,,
235,-90,-90,11,-28.5,21,13.2276,0.5553,,
236,-70,-88,13,-4.0,20,10.4668,0.5539,,
237,-140,-90,6,-82.0,8,11.0856,0.5525,,
238,-90,-87.7,11,-26.5,17,11.8001,0.5512,,
239,-100,-86.3,10,-37.5,15,11.8738,0.5498,,
240,-80,-87.3,12,-16.5,21,11.3701,0.5484,,
241,-150,-86.7,5,-98.0,16,10.5764,0.547,,
242,-50,-86.3,15,17.5,25,12.4522,0.5457,,
243,-150,-86,5,-93.5,7,11.6172,0.5443,,
244,-150,-86.7,5,-94.5,9,12.3493,0.5429,,
245,-150,-86.3,5,-93.0,6,8.9003,0.5416,,
246,-140,-92.7,6,-81.5,7,9.786,0.5402,,
247,-70,-92,13,-8.5,29,10.614,0.5389,,
248,-150,-94,5,-93.5,7,12.9535,0.5375,,
249,-130,-98,7,-73.5,15,14.5038,0.5362,,
250,60,-91.7,26,142.0,40,12.5199,0.5348,220,22
251,-110,-94,9,-56.0,28,13.3519,0.5335,,
252,-130,-93.7,7,-72.5,13,10.7168,0.5322,,
253,-60,-92,14,-1.0,38,11.5297,0.5308,,
254,-50,-92.3,15,14.5,31,11.8179,0.5295,,
255,-20,-88.3,18,52.5,27,12.2305,0.5282,,
256,-150,-92.3,5,-94.5,9,13.7631,0.5269,,
257,-150,-92.3,5,-96.0,12,14.5152,0.5256,,
258,-20,-91.7,18,54.0,24,10.8675,0.5242,,
259,-150,-95,5,-105.0,30,11.9247,0.5229,,
260,-90,-95.7,11,-26.0,16,11.7917,0.5216,,
261,-60,-94.3,14,6.0,24,12.3183,0.5203,,
262,-50,-93,15,8.5,43,10.9745,0.519,,
263,-120,-91.7,8,-62.0,16,12.0383,0.5177,,
264,-140,-98.3,6,-85.5,15,10.3441,0.5164,,
265,-110,-99,9,-51.0,18,10.2032,0.5151,,
266,-10,-97,19,59.5,37,13.6088,0.5138,,
267,-110,-96,9,-49.5,15,12.6274,0.5126,,
268,120,-89,32,206.0,56,10.024,0.5113,,
269,-70,-88,13,-4.5,21,12.6599,0.51,,
270,-150,-90.3,5,-93.5,7,11.0306,0.5087,,
271,-90,-88.3,11,-32.0,28,11.7356,0.5075,,
272,-120,-90.7,8,-58.5,9,10.8885,0.5062,,
273,-100,-89,10,-38.0,16,10.7276,0.5049,,
274,-140,-88.7,6,-84.5,13,11.1182,0.5037,,
275,-160,-89,4,-107.0,10,13.9712,0.5024,,
276,-120,-88.3,8,-61.5,15,13.308,0.5011,,
277,-70,-88.3,13,-10.5,33,12.8123,0.4999,,
278,-60,-85.3,14,4.5,27,12.8552,0.4986,,
279,70,-78.7,27,136.5,75,13.1936,0.4974,,
280,-110,-84.3,9,-52.5,21,13.384,0.4962,,
281,30,-79.7,23,106.5,39,13.5335,0.4949,,
282,-150,-80.3,5,-93.5,7,14.5259,0.4937,,
283,-50,-80,15,9.0,42,12.9327,0.4924,,
284,30,-77.3,23,98.5,55,12.8021,0.4912,,
285,-60,-78.7,14,8.5,19,13.2554,0.49,,
286,-40,-75,16,23.0,38,11.7141,0.4888,,
287,-160,-75.3,4,-107.0,10,14.1544,0.4875,,
288,-80,-77.3,12,-17.5,23,13.9447,0.4863,,
289,-100,-75.7,10,-38.5,17,11.7873,0.4851,,
290,-150,-77.7,5,-94.0,8,15.0653,0.4839,,
291,-90,-78.7,11,-26.0,16,12.4049,0.4827,,
292,-170,-82.7,3,-119.5,11,12.1492,0.4815,,
293,-140,-83.3,6,-84.5,13,12.5227,0.4803,,
294,20,-78,22,99.0,30,13.6535,0.4791,,
295,-70,-76.7,13,-7.5,27,11.6601,0.4779,,
296,-120,-80.3,8,-60.0,12,11.9319,0.4767,,
297,170,-71,37,262.0,64,13.3841,0.4755,,
298,-30,-76,17,30.0,48,13.0725,0.4743,,
299,110,-70,31,187.0,70,12.9575,0.4731,,
300,-90,-68,11,-30.0,24,11.6782,0.4719,90,29
301,-120,-69,8,-58.5,9,12.592,0.4707,,
302,-10,-65.3,19,62.5,31,13.053,0.4696,,
303,-50,-63.7,15,18.5,23,12.1585,0.4684,,
304,-50,-60.7,15,21.0,18,12.081,0.4672,,
305,-10,-55.7,19,63.0,30,10.741,0.4661,,
306,-60,-53.7,14,8.5,19,12.4635,0.4649,,
307,210,-44.3,41,309.5,65,12.5984,0.4637,,
308,-70,-44.7,13,-8.0,28,12.9654,0.4626,,
309,-100,-50.3,10,-37.5,15,14.1744,0.4614,,
310,-120,-50.7,8,-58.5,9,14.0682,0.4603,,
311,-120,-55.7,8,-58.5,9,10.9098,0.4591,,
312,0,-50.7,20,76.0,28,13.8643,0.458,,
313,-100,-52.3,10,-39.0,18,11.9523,0.4568,,
314,-50,-55,15,9.0,42,14.3545,0.4557,,
315,90,-50,29,153.5,89,12.8959,0.4545,,
316,-150,-53.7,5,-93.0,6,12.4975,0.4534,,
317,-140,-53,6,-87.0,18,14.1116,0.4523,,
318,-150,-55.3,5,-95.5,11,11.081,0.4511,,
319,-10,-52.3,19,65.5,25,12.2319,0.45,,
320,-110,-51,9,-50.5,17,11.8677,0.4489,,
321,-70,-50.3,13,-6.5,25,12.9741,0.4478,,
322,-150,-49.7,5,-93.0,6,13.7598,0.4466,,
323,-80,-47.7,12,-21.5,31,13.5677,0.4455,,
324,-70,-50.7,13,-3.5,19,13.8302,0.4444,,
325,-80,-51,12,-17.5,23,12.05,0.4433,,
326,-150,-52,5,-93.0,6,12.9421,0.4422,,
327,-90,-60.7,11,-29.0,22,11.8331,0.4411,,
328,0,-59.7,20,73.0,34,13.6072,0.44,,
329,-120,-67.3,8,-58.5,9,11.7879,0.4389,,
330,-50,-66,15,14.5,31,13.5701,0.4378,,
331,-100,-65.3,10,-35.5,11,13.8485,0.4367,,
332,-100,-68.3,10,-38.5,17,11.2319,0.4356,,
333,80,-64,28,168.0,36,13.1945,0.4345,,
334,-90,-65.3,11,-26.5,17,13.7577,0.4334,,
335,-100,-68.3,10,-46.5,33,12.7412,0.4323,,
336,-90,-69.3,11,-38.5,41,13.2123,0.4313,,
337,30,-75.3,23,104.5,43,12.7465,0.4302,,
338,80,-70.3,28,157.0,58,13.363,0.4291,,
339,230,-59.3,43,334.0,64,12.2274,0.428,,
340,-130,-59.7,7,-72.5,13,9.518,0.427,,
341,-80,-58.3,12,-20.5,29,14.4845,0.4259,,
342,-20,-59,18,56.5,19,12.4601,0.4248,,
343,-90,-58.7,11,-27.5,19,11.8435,0.4238,,
344,-60,-59,14,6.0,24,13.288,0.4227,,
345,50,-60.3,25,128.5,43,14.0633,0.4216,,
346,330,-44.3,53,368.5,235,13.3375,0.4206,,
347,-130,-44,7,-73.5,15,11.9486,0.4195,,
348,-140,-43.7,6,-86.0,16,14.0445,0.4185,,
349,190,-37,39,277.0,82,12.5803,0.4174,,
350,70,-31,27,151.5,45,12.3903,0.4164,-50,15
351,-110,-32.3,9,-49.0,14,12.0927,0.4154,,
352,120,-23.3,32,201.5,65,13.2977,0.4143,,
353,-120,-24.7,8,-61.5,15,13.918,0.4133,,
354,20,-21.7,22,90.0,48,14.8001,0.4123,,
355,-110,-22.7,9,-60.0,36,11.8182,0.4112,,
356,-60,-19.7,14,6.5,23,11.9864,0.4102,,
357,120,-12.7,32,210.0,48,11.4605,0.4092,,
358,-80,-15.3,12,-21.5,31,13.2511,0.4081,,
359,-30,-12.3,17,42.0,24,13.7171,0.4071,,
360,-150,-15.7,5,-97.5,15,12.4454,0.4061,,
361,-90,-15.3,11,-26.5,17,13.5863,0.4051,,
362,30,-11,23,110.0,32,13.4771,0.4041,,
363,10,-13.3,21,77.5,49,13.2758,0.4031,,
364,30,-9.3,23,111.5,29,14.1496,0.4021,,
365,-50,-7.7,15,17.0,26,12.6124,0.4011,,
366,-150,-9.7,5,-96.5,13,14.1426,0.4001,,
367,110,-7,31,194.5,55,13.1332,0.3991,,
368,-20,-10.3,18,53.0,26,14.785,0.3981,,
369,-30,-19,17,43.0,22,12.5398,0.3971,,
370,-100,-18,10,-43.0,26,15.3205,0.3961,,
371,-110,-19,9,-46.5,9,15.6816,0.3951,,
372,-120,-22.3,8,-61.0,14,11.3287,0.3941,,
373,-40,-20.7,16,34.0,16,12.5931,0.3931,,
374,0,-18.7,20,74.5,31,13.1424,0.3921,,
375,-50,-22,15,18.0,24,15.0798,0.3911,,
376,-120,-37,8,-63.5,19,14.7777,0.3902,,
377,140,-28,34,235.0,46,12.6719,0.3892,,
378,-120,-27.3,8,-60.5,13,13.6198,0.3882,,
379,450,-18.7,65,569.5,121,13.5447,0.3872,,
380,-130,-25.3,7,-72.0,12,13.9699,0.3863,,
381,-110,-25.3,9,-49.5,15,14.0693,0.3853,,
382,20,-28.7,22,97.0,34,15.1734,0.3844,,
383,-80,-27.3,12,-14.5,17,12.259,0.3834,,
384,-20,-28.7,18,51.0,30,11.592,0.3824,,
385,-50,-26.7,15,21.5,17,12.5163,0.3815,,
386,10,-24.3,21,86.0,32,12.7547,0.3805,,
387,20,-27.7,22,100.0,28,13.4352,0.3796,,
388,40,-23.7,24,122.0,32,13.1179,0.3786,,
389,-100,-26,10,-40.0,20,14.3951,0.3777,,
390,-110,-24.7,9,-49.0,14,13.2369,0.3767,,
391,-130,-26,7,-73.0,14,11.8539,0.3758,,
392,100,-23.7,30,182.0,56,13.8148,0.3749,,
393,-110,-27.7,9,-46.5,9,15.4436,0.3739,,
394,-30,-29.7,17,40.0,28,13.2053,0.373,,
395,90,-25,29,179.5,37,13.525,0.372,,
396,40,-18.7,24,121.5,33,13.2331,0.3711,,
397,-140,-27,6,-81.5,7,10.4255,0.3702,,
398,-150,-31.3,5,-95.0,10,13.8614,0.3693,,
399,0,-30.3,20,70.5,39,12.8204,0.3683,,
400,120,-23,32,208.5,51,12.4282,0.3674,-140,6
401,-90,-22.3,11,-35.0,34,12.5718,0.3665,,
402,-140,-23,6,-81.5,7,12.4096,0.3656,,
403,-70,-24,13,-4.5,21,12.5637,0.3647,,
404,-120,-28,8,-61.5,15,13.78,0.3638,,
405,-140,-31,6,-81.5,7,10.9845,0.3628,,
406,-30,-28,17,38.0,32,13.7093,0.3619,,
407,210,-25.7,41,309.5,65,12.6997,0.361,,
408,-130,-26,7,-73.0,14,13.9241,0.3601,,
409,-40,-42.3,16,29.5,25,12.5517,0.3592,,
410,0,-38,20,75.0,30,15.1323,0.3583,,
411,-30,-35.3,17,40.5,27,11.035,0.3574,,
412,-120,-40,8,-61.5,15,12.4622,0.3565,,
413,-60,-39.3,14,5.5,25,13.9373,0.3557,,
414,-10,-39,19,64.5,27,10.6262,0.3548,,
415,-130,-41.7,7,-73.0,14,11.7844,0.3539,,
416,-40,-43.3,16,29.5,25,13.2284,0.353,,
417,-140,-48.7,6,-84.0,12,13.124,0.3521,,
418,-60,-52,14,7.5,21,15.2889,0.3512,,
419,40,-47.3,24,122.5,31,12.1886,0.3504,,
420,10,-43.3,21,89.5,25,14.6538,0.3495,,
421,-50,-40.7,15,17.5,25,13.6296,0.3486,,
422,70,-41.7,27,160.0,28,13.1481,0.3477,,
423,-120,-42,8,-62.5,17,11.9618,0.3469,,
424,70,-38.7,27,153.0,42,13.9469,0.346,,
425,-60,-43.7,14,6.5,23,13.4837,0.3451,,
426,-110,-48.7,9,-50.5,17,15.1813,0.3443,,
427,-40,-45.3,16,22.5,39,13.9732,0.3434,,
428,-120,-44.3,8,-62.0,16,13.417,0.3425,,
429,-30,-45.3,17,43.5,21,13.3884,0.3417,,
430,-80,-52,12,-17.0,22,14.5337,0.3408,,
431,-90,-52,11,-27.5,19,12.9746,0.34,,
432,-30,-48.3,17,41.0,26,13.2491,0.3391,,
433,260,-37.3,46,368.5,67,14.2472,0.3383,,
434,-50,-35,15,20.5,19,16.3241,0.3374,,
435,-130,-34.7,7,-73.5,15,12.7841,0.3366,,
436,20,-33,22,98.0,32,14.8038,0.3358,,
437,30,-39,23,110.0,32,12.6462,0.3349,,
438,-90,-37.7,11,-28.5,21,11.8663,0.3341,,
439,-80,-39,12,-16.5,21,16.5967,0.3332,,
440,10,-38.7,21,86.5,31,11.4182,0.3324,,
441,-30,-38.7,17,42.0,24,13.926,0.3316,,
442,-30,-35.7,17,42.5,23,13.7499,0.3308,,
443,10,-33.3,21,83.0,38,13.3521,0.3299,,
444,-50,-34.7,15,19.5,21,12.7111,0.3291,,
445,60,-28.3,26,145.5,33,11.8007,0.3283,,
446,-20,-27.7,18,52.5,27,13.083,0.3275,,
447,-140,-27.7,6,-85.0,14,13.0398,0.3266,,
448,0,-25.7,20,75.5,29,13.7693,0.3258,,
449,-10,-27.3,19,63.5,29,14.0472,0.325,,
450,20,-27,22,97.0,34,14.1806,0.3242,180,38
451,-10,-25.7,19,66.0,24,12.462,0.3234,,
452,-80,-30.7,12,-16.5,21,14.7108,0.3226,,
453,20,-26,22,96.5,35,15.5715,0.3218,,
454,80,-25.7,28,160.5,51,13.4832,0.321,,
455,-30,-24.7,17,40.0,28,13.2707,0.3202,,
456,-60,-23,14,6.0,24,12.946,0.3194,,
457,30,-20.7,23,108.5,35,13.5414,0.3186,,
458,190,-10.3,39,291.5,53,12.2933,0.3178,,
459,30,-8.3,23,109.5,33,11.8225,0.317,,
460,-110,-9.3,9,-50.5,17,12.6188,0.3162,,
461,-160,-11.7,4,-107.0,10,11.9574,0.3154,,
462,-120,-14.7,8,-65.0,22,12.4528,0.3146,,
463,-90,-26.3,11,-27.5,19,13.6921,0.3138,,
464,0,-24.7,20,64.0,52,13.6098,0.313,,
465,-50,-22,15,17.5,25,17.1403,0.3122,,
466,10,-22.3,21,85.5,33,14.0439,0.3115,,
467,40,-22,24,121.0,34,11.9839,0.3107,,
468,-30,-20,17,42.5,23,13.297,0.3099,,
469,-100,-20.7,10,-39.0,18,15.4008,0.3091,,
470,-60,-23,14,6.5,23,13.9345,0.3084,,
471,-30,-23,17,42.5,23,13.3739,0.3076,,
472,-30,-23,17,40.0,28,11.5627,0.3068,,
473,-50,-25,15,18.0,24,12.8034,0.3061,,
474,-120,-27.3,8,-63.5,19,12.369,0.3053,,
475,-30,-30.3,17,42.5,23,13.3403,0.3045,,
476,-20,-30.3,18,51.0,30,13.3389,0.3038,,
477,40,-24.3,24,121.5,33,13.2543,0.303,,
478,-120,-28.3,8,-60.0,12,9.0203,0.3023,,
479,-50,-29.7,15,19.5,21,12.0611,0.3015,,
480,-80,-33,12,-14.0,16,12.9467,0.3007,,
481,210,-25.7,41,316.5,51,12.5926,0.3,,
482,-90,-26,11,-26.5,17,13.948,0.2992,,
483,110,-23,31,199.5,45,13.4903,0.2985,,
484,-10,-26,19,63.0,30,11.6322,0.2977,,
485,40,-23.7,24,122.0,32,11.3132,0.297,,
486,30,-20.7,23,110.5,31,14.491,0.2963,,
487,-60,-23.7,14,6.5,23,14.1763,0.2955,,
488,170,-24.3,37,265.0,58,13.0381,0.2948,,
489,140,-20.7,34,238.5,39,12.9181,0.294,,
490,70,-14.7,27,153.0,42,13.09,0.2933,,
491,-80,-12,12,-15.5,19,16.1981,0.2926,,
492,-160,-13.3,4,-107.5,11,13.3855,0.2918,,
493,-30,-11.3,17,41.5,25,16.2451,0.2911,,
494,-140,-16,6,-85.5,15,10.5839,0.2904,,
495,90,-11.3,29,175.5,45,12.6948,0.2897,,
496,-70,-14,13,-4.5,21,14.0974,0.2889,,
497,-30,-16.3,17,43.5,21,13.6361,0.2882,,
498,10,-15,21,88.0,28,14.8287,0.2875,,
499,-80,-14.3,12,-18.5,25,13.5793,0.2868,,
500,20,-11.7,22,96.5,35,11.8326,0.2861,-10,19
501,-80,-13.3,12,-17.0,22,11.3989,0.2853,,
502,30,-11.3,23,110.0,32,11.357,0.2846,,
503,10,-9.3,21,86.5,31,11.6343,0.2839,,
504,160,0,36,254.5,55,11.8307,0.2832,,
505,40,2.3,24,122.5,31,13.6957,0.2825,,
506,190,9.3,39,286.5,63,14.1936,0.2818,,
507,-120,4,8,-60.0,12,13.1425,0.2811,,
508,-90,5,11,-29.5,23,14.2728,0.2804,,
509,20,7.3,22,100.0,28,12.242,0.2797,,
510,-110,6.3,9,-48.5,13,13.495,0.279,,
511,-100,-4,10,-38.5,17,12.4093,0.2783,,
512,60,1,26,143.0,38,13.1086,0.2776,,
513,120,1.3,32,214.5,39,13.8374,0.2769,,
514,20,2.3,22,97.0,34,14.4762,0.2762,,
515,-110,-2.7,9,-50.0,16,13.3629,0.2755,,
516,10,-3.3,21,88.0,28,12.0539,0.2748,,
517,-100,-4.7,10,-38.5,17,10.8808,0.2741,,
518,-50,-12,15,21.5,17,11.3202,0.2735,,
519,-20,-17.3,18,53.0,26,13.4182,0.2728,,
520,-80,-22.3,12,-19.5,27,14.8671,0.2721,,
521,-40,-21,16,30.5,23,14.5764,0.2714,,
522,20,-15,22,97.5,33,11.7906,0.2707,,
523,-110,-17.7,9,-50.5,17,12.8684,0.2701,,
524,-10,-13.3,19,59.5,37,12.271,0.2694,,
525,-150,-21.3,5,-94.0,8,9.2424,0.2687,,
526,30,-18,23,110.5,31,13.4837,0.268,,
527,20,-16.3,22,98.5,31,13.2209,0.2674,,
528,230,-9,43,340.0,52,12.3483,0.2667,,
529,30,-5.3,23,109.5,33,12.9057,0.266,,
530,10,-5.7,21,67.0,70,13.2199,0.2654,,
531,-10,-3.3,19,68.5,19,11.8505,0.2647,,
532,20,-3.7,22,98.0,32,12.5143,0.264,,
533,-20,-4.7,18,54.5,23,14.9008,0.2634,,
534,-120,-14,8,-63.5,19,12.108,0.2627,,
535,-40,-16.7,16,31.0,22,12.6489,0.2621,,
536,-150,-28,5,-94.5,9,9.5131,0.2614,,
537,-60,-26,14,6.5,23,11.1319,0.2608,,
538,-30,-24,17,40.5,27,12.1778,0.2601,,
539,170,-19,37,262.5,63,14.3034,0.2595,,
540,40,-14,24,122.5,31,13.9999,0.2588,,
541,0,-10.7,20,74.5,31,12.3194,0.2582,,
542,-40,-14,16,30.0,24,12.7599,0.2575,,
543,20,-17.3,22,98.0,32,12.141,0.2569,,
544,10,-17.7,21,82.5,39,12.8723,0.2562,,
545,30,-13,23,110.0,32,11.6416,0.2556,,
546,240,-5.3,44,339.5,77,13.0907,0.2549,,
547,-10,-2.3,19,61.0,34,11.0596,0.2543,,
548,100,2.7,30,182.5,55,14.1555,0.2537,,
549,40,4.7,24,120.5,35,12.7484,0.253,,
550,110,11,31,199.0,46,12.4264,0.2524,-10,19
551,120,16.3,32,212.0,44,12.0256,0.2518,,
552,-150,10.7,5,-94.5,9,10.877,0.2511,,
553,100,17.7,30,190.5,39,13.5692,0.2505,,
554,-160,12.7,4,-107.5,11,13.8485,0.2499,,
555,-60,15.7,14,5.5,25,13.8357,0.2493,,
556,170,20.3,37,263.5,61,12.0224,0.2486,,
557,-40,18.3,16,34.0,16,11.3359,0.248,,
558,0,10.7,20,76.0,28,12.588,0.2474,,
559,80,12.3,28,168.0,36,13.7371,0.2468,,
560,100,15.3,30,190.5,39,14.1562,0.2462,,
561,220,23,42,323.5,61,13.4947,0.2455,,
562,-30,21.3,17,42.0,24,14.0962,0.2449,,
563,0,22,20,76.0,28,13.0805,0.2443,,
564,230,33.7,43,339.5,53,13.3956,0.2437,,
565,10,35.3,21,86.5,31,11.8309,0.2431,,
566,10,40.7,21,84.5,35,13.1118,0.2425,,
567,-40,41.3,16,30.0,24,12.2103,0.2419,,
568,230,50,43,339.5,53,12.8863,0.2413,,
569,30,45.3,23,110.0,32,11.8251,0.2407,,
570,120,48,32,206.0,56,12.5526,0.2401,,
571,30,49,23,109.0,34,11.8767,0.2395,,
572,-80,47.7,12,-16.0,20,14.4073,0.2389,,
573,10,47.3,21,87.5,29,11.8477,0.2383,,
574,20,47.7,22,102.0,24,12.1244,0.2377,,
575,-20,46,18,52.5,27,12.7923,0.2371,,
576,-140,33.3,6,-85.0,14,13.2885,0.2365,,
577,-10,33.3,19,68.5,19,10.5044,0.2359,,
578,-100,26.7,10,-39.5,19,12.8551,0.2353,,
579,50,27,25,132.0,36,12.856,0.2347,,
580,-80,20.7,12,-17.5,23,11.5714,0.2341,,
581,20,17.3,22,98.0,32,13.9755,0.2336,,
582,-10,22,19,64.0,28,13.5061,0.233,,
583,50,20.3,25,132.5,35,12.8345,0.2324,,
584,170,31.3,37,253.0,82,11.9507,0.2318,,
585,150,38.3,35,241.5,57,14.0197,0.2312,,
586,-40,31.3,16,34.0,16,11.8775,0.2307,,
587,-140,28,6,-82.0,8,15.3589,0.2301,,
588,140,32.7,34,236.5,43,12.9698,0.2295,,
589,130,34.3,33,218.0,56,13.1017,0.2289,,
590,20,31.7,22,100.0,28,12.7135,0.2284,,
591,10,24.7,21,84.5,35,14.447,0.2278,,
592,140,30.3,34,234.0,48,13.6149,0.2272,,
593,-40,29,16,34.0,16,12.7746,0.2266,,
594,110,25,31,190.5,63,13.949,0.2261,,
595,-20,24,18,51.5,29,11.4047,0.2255,,
596,240,31.7,44,350.0,56,13.5367,0.225,,
597,-150,28,5,-96.5,13,11.9433,0.2244,,
598,-90,17.3,11,-26.5,17,13.2379,0.2238,,
599,40,17.7,24,120.5,35,13.3263,0.2233,,
600,-40,12.3,16,34.0,16,11.6812,0.2227,-50,15
601,160,16.7,36,255.5,53,12.4579,0.2222,,
602,0,19.3,20,76.0,28,12.0909,0.2216,,
603,-50,17.3,15,21.5,17,14.2089,0.221,,
604,40,18,24,124.0,28,13.3901,0.2205,,
605,-70,16.3,13,-4.5,21,14.3911,0.2199,,
606,60,23,26,145.0,34,11.363,0.2194,,
607,90,26.3,29,178.5,39,12.7211,0.2188,,
608,-90,26.7,11,-28.5,21,10.3894,0.2183,,
609,20,25.7,22,100.0,28,13.3548,0.2178,,
610,250,36.7,45,357.5,65,13.3198,0.2172,,
611,-130,31.7,7,-72.5,13,11.5387,0.2167,,
612,50,33.7,25,132.0,36,13.4278,0.2161,,
613,70,34.3,27,155.0,38,12.6391,0.2156,,
614,30,29.7,23,109.0,34,14.8247,0.215,,
615,0,24.7,20,49.5,81,12.7257,0.2145,,
616,-70,23.7,13,-4.5,21,10.5781,0.214,,
617,-50,26.7,15,18.5,23,12.1433,0.2134,,
618,20,22.7,22,98.5,31,14.2128,0.2129,,
619,30,19.3,23,112.5,27,14.426,0.2124,,
620,-40,17.3,16,17.5,49,13.33,0.2118,,
621,-50,15.3,15,20.5,19,10.8778,0.2113,,
622,50,12.3,25,132.5,35,12.6869,0.2108,,
623,30,14.7,23,109.0,34,13.1879,0.2103,,
624,10,11.3,21,87.0,30,12.5067,0.2097,,
625,-150,7,5,-93.0,6,11.5087,0.2092,,
626,30,0,23,112.5,27,14.1771,0.2087,,
627,180,11,38,282.5,47,11.9611,0.2082,,
628,60,16,26,146.0,32,14.7001,0.2076,,
629,-50,13,15,21.5,17,14.583,0.2071,,
630,-30,13.3,17,38.5,31,11.0142,0.2066,,
631,150,13,35,243.0,54,12.8292,0.2061,,
632,50,14.7,25,133.0,34,13.9818,0.2056,,
633,40,17.7,24,120.5,35,14.0872,0.2051,,
634,260,25,46,377.0,50,12.4932,0.2045,,
635,-50,25.7,15,21.5,17,13.2971,0.204,,
636,-40,22.3,16,32.0,20,10.3885,0.2035,,
637,-40,18,16,31.5,21,12.497,0.203,,
638,160,26.3,36,255.5,53,11.9118,0.2025,,
639,20,26.3,22,98.5,31,12.3593,0.202,,
640,220,25.3,42,320.5,67,12.2097,0.2015,,
641,-40,28.3,16,33.0,18,12.2035,0.201,,
642,-50,25,15,21.5,17,13.0042,0.2005,,
643,-40,21.3,16,34.0,16,13.2708,0.2,,
644,-120,16.3,8,-62.0,16,15.4537,0.1995,,
645,30,17.3,23,109.5,33,13.2725,0.199,,
646,210,26.7,41,316.5,51,11.2945,0.1985,,
647,-30,27.3,17,39.0,30,13.4558,0.198,,
648,170,32.3,37,271.0,46,12.2992,0.1975,,
649,130,35.7,33,218.0,56,12.9954,0.197,,
650,-10,36.7,19,64.5,27,12.726,0.1965,250,45
651,-50,36.7,15,20.0,20,11.3807,0.196,,
652,210,42,41,315.5,53,13.1306,0.1955,,
653,-30,40,17,42.0,24,13.0901,0.195,,
654,30,40.7,23,110.5,31,12.1092,0.1946,,
655,220,53,42,328.5,51,11.875,0.1941,,
656,0,52,20,75.0,30,13.7436,0.1936,,
657,240,54,44,351.5,53,12.9503,0.1931,,
658,80,54.7,28,166.5,39,13.001,0.1926,,
659,80,59,28,164.5,43,10.5345,0.1921,,
660,10,60.3,21,87.5,29,12.208,0.1917,,
661,10,55.7,21,88.5,27,13.4466,0.1912,,
662,140,58.7,34,207.0,102,12.7905,0.1907,,
663,0,57.3,20,75.0,30,11.9097,0.1902,,
664,230,56.3,43,340.5,51,12.4497,0.1897,,
665,160,63.3,36,254.5,55,12.1555,0.1893,,
666,-100,61.3,10,-38.0,16,12.0325,0.1888,,
667,-50,61,15,20.5,19,11.2515,0.1883,,
668,-40,54.3,16,32.0,20,12.0498,0.1879,,
669,40,55,24,122.0,32,12.0798,0.1874,,
670,0,47.7,20,79.5,21,12.2146,0.1869,,
671,-50,47.3,15,21.5,17,12.2755,0.1864,,
672,-50,47.3,15,20.0,20,12.8988,0.186,,
673,-150,43.7,5,-95.0,10,12.6829,0.1855,,
674,-50,46,15,20.5,19,12.331,0.1851,,
675,150,50,35,236.0,68,12.587,0.1846,,
676,20,43.7,22,100.5,27,11.9623,0.1841,,
677,0,44.7,20,73.5,33,11.2663,0.1837,,
678,120,43,32,212.5,43,11.794,0.1832,,
679,40,40,24,122.0,32,11.3317,0.1828,,
680,220,47.7,42,328.5,51,13.0424,0.1823,,
681,300,59.3,50,421.5,57,11.1343,0.1818,,
682,220,59.7,42,328.5,51,11.7183,0.1814,,
683,90,63.7,29,176.5,43,13.6384,0.1809,,
684,-30,61.7,17,40.0,28,11.9873,0.1805,,
685,50,56,25,134.0,32,11.2677,0.18,,
686,110,59.7,31,203.0,38,12.7765,0.1796,,
687,40,53,24,122.0,32,13.0035,0.1791,,
688,-90,47.3,11,-24.0,12,14.503,0.1787,,
689,-100,41.3,10,-38.0,16,9.6278,0.1782,,
690,-120,37,8,-61.5,15,10.353,0.1778,,
691,10,37,21,88.5,27,13.5868,0.1773,,
692,-60,30.3,14,5.5,25,12.3071,0.1769,,
693,270,39.3,47,387.5,53,13.2219,0.1765,,
694,-10,31.3,19,64.0,28,10.6417,0.176,,
695,-10,25.7,19,64.0,28,11.9715,0.1756,,
696,140,33.7,34,236.5,43,11.3466,0.1751,,
697,110,39,31,200.5,43,11.3812,0.1747,,
698,30,41.3,23,111.5,29,13.4162,0.1743,,
699,10,40.3,21,88.0,28,12.3392,0.1738,,
700,140,45,34,229.5,57,10.6973,0.1734,270,47
701,190,53,39,276.5,83,12.5777,0.173,,
702,10,55,21,88.0,28,13.0464,0.1725,,
703,290,69.7,49,410.0,56,10.9842,0.1721,,
704,20,72,22,101.5,25,13.4369,0.1717,,
705,-10,66.7,19,64.0,28,13.1091,0.1712,,
706,130,70.3,33,218.0,56,12.0543,0.1708,,
707,130,74.7,33,225.0,42,12.8803,0.1704,,
708,60,72.7,26,144.5,35,11.416,0.17,,
709,280,80.7,48,398.0,56,12.4198,0.1695,,
710,80,76,28,167.5,37,14.9222,0.1691,,
711,130,70.3,33,221.5,49,12.7808,0.1687,,
712,220,70.3,42,329.0,50,12.5776,0.1683,,
713,230,75,43,330.5,71,11.7776,0.1678,,
714,140,80.7,34,236.5,43,11.9707,0.1674,,
715,120,83,32,213.0,42,12.7772,0.167,,
716,210,86.3,41,316.0,52,12.5684,0.1666,,
717,30,86,23,109.0,34,13.6734,0.1662,,
718,20,89.7,22,97.5,33,13.2777,0.1658,,
719,-20,92.3,18,52.5,27,11.0989,0.1653,,
720,230,104,43,339.5,53,12.6136,0.1649,,
721,-100,100.3,10,-37.5,15,12.9907,0.1645,,
722,200,109,40,305.5,49,12.2315,0.1641,,
723,40,101.3,24,123.0,30,11.6645,0.1637,,
724,50,103.3,25,132.5,35,11.3503,0.1633,,
725,-140,99,6,-88.5,21,14.1464,0.1629,,
726,180,100.3,38,280.0,52,12.8244,0.1625,,
727,250,105,45,364.0,52,12.219,0.1621,,
728,140,108.7,34,236.0,44,11.8761,0.1617,,
729,280,117.7,48,394.0,64,11.6917,0.1613,,
730,250,121.3,45,362.5,55,11.6994,0.1608,,
731,-10,114.7,19,68.5,19,11.6408,0.1604,,
732,190,120.7,39,296.5,43,13.0736,0.16,,
733,-10,110.7,19,64.5,27,11.6718,0.1596,,
734,-10,109.7,19,68.5,19,12.6699,0.1592,,
735,0,110,20,77.5,25,12.6483,0.1588,,
736,80,108.3,28,166.5,39,11.7274,0.1585,,
737,-30,103,17,41.0,26,11.5577,0.1581,,
738,80,103.7,28,167.5,37,12.9745,0.1577,,
739,20,95,22,97.5,33,11.1149,0.1573,,
740,290,102,49,405.5,65,11.5867,0.1569,,
741,220,105,42,319.5,69,11.6848,0.1565,,
742,70,100,27,155.5,37,11.6034,0.1561,,
743,50,94,25,134.5,31,11.1341,0.1557,,
744,180,95.3,38,281.0,50,11.8036,0.1553,,
745,220,98.7,42,329.5,49,10.4644,0.1549,,
746,230,99.3,43,341.0,50,13.4047,0.1545,,
747,230,106,43,339.5,53,12.3225,0.1541,,
748,230,113,43,340.5,51,11.039,0.1538,,
749,200,120.3,40,305.5,49,11.6687,0.1534,,
750,260,121.3,46,377.0,50,13.3005,0.153,300,50
751,-150,119.7,5,-96.5,13,11.3542,0.1526,,
752,220,120.3,42,329.5,49,13.1583,0.1522,,
753,260,127.7,46,374.5,55,11.2004,0.1519,,
754,230,133.7,43,341.0,50,11.3342,0.1515,,
755,160,143.7,36,252.5,59,11.4127,0.1511,,
756,80,140.3,28,165.5,41,11.9967,0.1507,,
757,230,139.7,43,341.5,49,12.8878,0.1503,,
758,80,137.7,28,168.5,35,11.8024,0.15,,
759,-50,126.7,15,21.0,18,12.3995,0.1496,,
760,-10,118,19,68.5,19,11.8867,0.1492,,
761,-140,113.7,6,-92.0,28,11.5808,0.1488,,
762,-90,104.3,11,-27.0,18,11.8248,0.1485,,
763,-20,104,18,52.5,27,12.4895,0.1481,,
764,230,112,43,341.0,50,11.4482,0.1477,,
765,270,121,47,388.5,51,12.9693,0.1474,,
766,230,126,43,342.0,48,11.7942,0.147,,
767,50,128.7,25,131.5,37,11.4441,0.1466,,
768,160,131.3,36,258.5,47,12.2378,0.1463,,
769,80,133.3,28,166.5,39,10.9221,0.1459,,
770,270,132.7,47,389.5,49,12.7107,0.1455,,
771,90,128.3,29,178.5,39,10.2372,0.1452,,
772,100,129.3,30,186.5,47,11.2487,0.1448,,
773,-100,124.3,10,-40.5,21,11.9,0.1444,,
774,0,118.3,20,75.5,29,12.6836,0.1441,,
775,100,114.3,30,190.0,40,12.9003,0.1437,,
776,210,113.7,41,316.0,52,11.8984,0.1434,,
777,170,111.7,37,270.5,47,12.2262,0.143,,
778,360,116,56,485.0,74,12.3986,0.1426,,
779,-100,106,10,-38.5,17,11.1939,0.1423,,
780,80,100,28,166.5,39,12.026,0.1419,,
781,200,111.7,40,296.0,68,10.6437,0.1416,,
782,230,112,43,340.5,51,10.1945,0.1412,,
783,-10,103,19,68.5,19,10.3184,0.1409,,
784,-10,95,19,68.5,19,11.7494,0.1405,,
785,100,93,30,189.5,41,12.318,0.1402,,
786,290,100,49,409.0,58,10.8046,0.1398,,
787,-10,92,19,68.5,19,12.4666,0.1395,,
788,-40,88,16,33.5,17,10.9678,0.1391,,
789,250,98,45,362.5,55,10.6073,0.1388,,
790,250,106.7,45,363.5,53,11.13,0.1384,,
791,-30,110.3,17,42.0,24,13.1222,0.1381,,
792,-80,110.7,12,-17.5,23,9.7839,0.1377,,
793,-70,109,13,-4.5,21,11.5664,0.1374,,
794,-10,101,19,68.5,19,10.8792,0.137,,
795,40,93.3,24,120.5,35,9.8306,0.1367,,
796,170,91.3,37,269.5,49,12.4926,0.1364,,
797,-10,89.3,19,68.5,19,13.2584,0.136,,
798,-10,83.7,19,68.5,19,11.2182,0.1357,,
799,140,85.7,34,239.0,38,11.1293,0.1353,,
800,140,81.3,34,239.5,37,10.7225,0.135,-10,19
801,120,82.3,32,211.5,45,10.8126,0.1347,,
802,-10,78.7,19,68.5,19,11.8321,0.1343,,
803,-10,81.7,19,68.5,19,10.5751,0.134,,
804,210,88.7,41,316.0,52,11.8932,0.1337,,
805,210,92.3,41,317.0,50,11.9643,0.1333,,
806,120,89.3,32,212.5,43,10.329,0.133,,
807,-10,83.3,19,68.5,19,14.471,0.1327,,
808,-10,71,19,68.5,19,9.6163,0.1323,,
809,40,75.7,24,122.0,32,11.9837,0.132,,
810,300,83,50,419.5,61,10.0953,0.1317,,
811,140,81,34,233.5,49,10.5641,0.1313,,
812,150,78.3,35,248.0,44,10.1922,0.131,,
813,230,86.3,43,340.5,51,11.8737,0.1307,,
814,40,88,24,121.5,33,12.4441,0.1303,,
815,230,92.3,43,340.5,51,12.1567,0.13,,
816,80,85.3,28,167.5,37,13.0097,0.1297,,
817,40,87,24,122.0,32,11.1336,0.1294,,
818,230,96,43,340.5,51,10.0211,0.129,,
819,300,97.7,50,420.5,59,11.6465,0.1287,,
820,210,96.3,41,317.5,49,10.8792,0.1284,,
821,280,106.7,48,397.5,57,10.4956,0.1281,,
822,80,112,28,167.5,37,10.4118,0.1278,,
823,310,124.7,51,429.0,66,11.7426,0.1274,,
824,160,130.3,36,252.0,60,11.1702,0.1271,,
825,320,139.7,52,443.5,61,11.3171,0.1268,,
826,160,139.3,36,251.0,62,11.4155,0.1265,,
827,0,139.7,20,76.0,28,10.9329,0.1262,,
828,50,141.7,25,132.5,35,12.556,0.1259,,
829,260,145.7,46,375.5,53,12.2282,0.1255,,
830,230,148.7,43,341.0,50,10.3905,0.1252,,
831,210,151.7,41,317.5,49,10.7305,0.1249,,
832,250,160.3,45,362.5,55,11.0882,0.1246,,
833,140,165.3,34,230.0,56,11.9742,0.1243,,
834,230,166,43,340.5,51,10.759,0.124,,
835,320,169.7,52,446.5,55,11.1314,0.1237,,
836,150,170.7,35,240.5,59,10.0355,0.1234,,
837,20,171.7,22,98.5,31,8.9425,0.1231,,
838,220,179.3,42,329.5,49,11.2041,0.1227,,
839,230,185.7,43,340.5,51,10.4572,0.1224,,
840,250,184,45,364.5,51,9.6721,0.1221,,
841,240,187.3,44,351.5,53,11.5292,0.1218,,
842,140,187,34,221.5,73,11.0478,0.1215,,
843,90,182.3,29,179.5,37,11.7725,0.1212,,
844,300,191,50,420.5,59,12.1735,0.1209,,
845,80,186,28,166.5,39,10.9213,0.1206,,
846,-130,179,7,-72.5,13,10.1172,0.1203,,
847,320,188.3,52,446.5,55,10.7316,0.12,,
848,230,188.3,43,340.5,51,9.6549,0.1197,,
849,310,188.7,51,433.5,57,10.267,0.1194,,
850,100,185,30,179.5,61,11.1757,0.1191,340,54
851,-80,173,12,-17.0,22,10.8046,0.1188,,
852,310,180.7,51,431.0,62,10.3037,0.1185,,
853,150,175.3,35,245.5,49,11.3557,0.1182,,
854,-20,169.3,18,52.5,27,11.2519,0.1179,,
855,350,170.3,55,477.0,66,10.5675,0.1176,,
856,360,177,56,489.5,65,11.1091,0.1173,,
857,110,180.7,31,201.5,41,11.6163,0.117,,
858,230,186.7,43,340.5,51,12.1106,0.1168,,
859,200,184.7,40,305.5,49,9.7577,0.1165,,
860,250,185.3,45,363.5,53,11.3367,0.1162,,
861,330,189.3,53,455.0,62,10.035,0.1159,,
862,310,191.3,51,431.0,62,10.3168,0.1156,,
863,150,191.7,35,246.0,48,10.7863,0.1153,,
864,220,191.3,42,328.5,51,10.6948,0.115,,
865,170,186.3,37,271.5,45,10.4901,0.1147,,
866,270,190.3,47,385.5,57,9.8824,0.1144,,
867,410,203.3,61,548.0,68,10.7527,0.1142,,
868,150,201,35,246.0,48,11.2894,0.1139,,
869,-40,192,16,33.5,17,11.2244,0.1136,,
870,360,195.7,56,490.5,63,10.1724,0.1133,,
871,70,190,27,159.0,30,8.8446,0.113,,
872,360,197.3,56,489.0,66,10.0857,0.1127,,
873,360,206.3,56,489.0,66,10.4924,0.1125,,
874,220,203.7,42,316.5,75,10.4659,0.1122,,
875,190,207.3,39,292.5,51,10.7667,0.1119,,
876,210,218.7,41,317.5,49,11.373,0.1116,,
877,200,214.7,40,307.0,46,9.7246,0.1113,,
878,300,217,50,419.5,61,9.3872,0.1111,,
879,360,218.7,56,489.0,66,10.0044,0.1108,,
880,190,221.7,39,292.5,51,10.7856,0.1105,,
881,-40,223,16,30.5,23,11.6668,0.1102,,
882,350,224.3,55,477.5,65,10.1928,0.1099,,
883,370,231.7,57,499.0,70,10.475,0.1097,,
884,40,233.7,24,121.0,34,10.3189,0.1094,,
885,340,233.3,54,466.5,63,9.903,0.1091,,
886,250,229.7,45,358.5,63,10.1043,0.1089,,
887,350,237.7,55,478.5,63,9.9154,0.1086,,
888,370,242.3,57,501.5,65,10.5521,0.1083,,
889,150,240.7,35,248.0,44,9.9906,0.108,,
890,360,244.3,56,489.0,66,9.9809,0.1078,,
891,330,244.3,53,455.0,62,10.4947,0.1075,,
892,-60,232,14,9.0,18,8.8323,0.1072,,
893,360,239,56,489.0,66,11.1361,0.107,,
894,360,243.7,56,489.0,66,11.0782,0.1067,,
895,60,240,26,144.5,35,10.879,0.1064,,
896,360,243,56,489.0,66,10.1585,0.1062,,
897,80,232,28,171.5,29,10.8996,0.1059,,
898,370,239.3,57,500.5,67,10.1483,0.1056,,
899,260,249.3,46,375.5,53,10.1947,0.1054,,
900,340,248.7,54,466.0,64,10.1301,0.1051,360,56
901,10,246.7,21,86.0,32,10.9556,0.1048,,
902,270,243.7,47,377.0,74,9.9807,0.1046,,
903,280,241,48,398.5,55,11.7387,0.1043,,
904,350,245.3,55,478.0,64,9.4658,0.1041,,
905,360,251,56,489.0,66,11.0354,0.1038,,
906,240,252,44,347.5,61,10.8163,0.1035,,
907,410,259,61,545.5,73,10.7065,0.1033,,
908,70,251.3,27,156.5,35,9.5446,0.103,,
909,360,251.3,56,489.0,66,9.8547,0.1028,,
910,390,258,59,523.0,70,9.3173,0.1025,,
911,50,261,25,136.0,28,8.402,0.1022,,
912,340,260.7,54,466.0,64,9.6976,0.102,,
913,250,256.7,45,361.0,58,10.3787,0.1017,,
914,360,267.3,56,489.5,65,10.5973,0.1015,,
915,280,265.3,48,392.0,68,10.2767,0.1012,,
916,370,269.3,57,501.0,66,10.003,0.101,,
917,50,259.3,25,133.5,33,11.2495,0.1007,,
918,370,259.3,57,502.0,64,10.4262,0.1005,,
919,350,266,55,478.0,64,10.4693,0.1002,,
920,350,265.7,55,478.5,63,9.3975,0.1,,
921,260,263.3,46,377.5,49,9.2787,0.0997,,
922,390,278.3,59,525.0,66,10.6832,0.0995,,
923,140,271,34,232.0,52,10.4777,0.0992,,
924,170,264.7,37,271.5,45,11.0371,0.099,,
925,380,275.3,58,511.5,69,10.8315,0.0987,,
926,280,272.7,48,397.5,57,10.6139,0.0985,,
927,170,275.7,37,268.0,52,8.7527,0.0982,,
928,350,275,55,478.0,64,10.3816,0.098,,
929,380,279,58,512.0,68,9.5444,0.0977,,
930,370,280,57,501.0,66,8.7227,0.0975,,
931,360,291.7,56,490.0,64,10.2627,0.0973,,
932,380,295.3,58,512.0,68,10.3126,0.097,,
933,340,297.3,54,466.0,64,10.5459,0.0968,,
934,400,299,60,526.5,87,10.6083,0.0965,,
935,340,298.3,54,466.0,64,9.8784,0.0963,,
936,110,294,31,201.5,41,9.5057,0.096,,
937,340,291.7,54,466.0,64,9.2909,0.0958,,
938,100,292.7,30,189.5,41,11.0117,0.0956,,
939,-50,279,15,21.0,18,8.6184,0.0953,,
940,140,270.7,34,234.0,48,10.2826,0.0951,,
941,350,280.7,55,478.0,64,9.9299,0.0949,,
942,380,282,58,512.0,68,9.4914,0.0946,,
943,380,286.3,58,512.0,68,10.5775,0.0944,,
944,370,286.7,57,499.0,70,9.2282,0.0941,,
945,400,290.7,60,515.0,110,8.9363,0.0939,,
946,170,284,37,267.5,53,11.0095,0.0937,,
947,350,294,55,478.5,63,8.8933,0.0934,,
948,270,290.7,47,377.5,73,10.3957,0.0932,,
949,-50,277.3,15,20.5,19,10.3735,0.093,,
950,380,278.3,58,512.0,68,10.2499,0.0927,350,55
951,400,283,60,537.5,65,10.611,0.0925,,
952,350,281.7,55,478.0,64,8.993,0.0923,,
953,350,288.7,55,478.0,64,10.9827,0.092,,
954,0,283,20,75.5,29,9.6901,0.0918,,
955,160,275.7,36,258.5,47,10.6736,0.0916,,
956,380,279,58,512.0,68,10.5423,0.0914,,
957,140,278,34,233.5,49,10.5851,0.0911,,
958,340,277.7,54,465.0,66,8.9267,0.0909,,
959,340,276.3,54,466.5,63,10.3978,0.0907,,
960,-60,262,14,6.0,24,8.8985,0.0904,,
961,-30,249,17,41.0,26,11.8676,0.0902,,
962,300,246.3,50,420.5,59,8.9493,0.09,,
963,380,247.7,58,512.0,68,8.9265,0.0898,,
964,340,245.7,54,466.0,64,9.2458,0.0895,,
965,340,245.7,54,466.0,64,8.9952,0.0893,,
966,390,255,59,523.5,69,9.0558,0.0891,,
967,250,252,45,363.5,53,8.4046,0.0889,,
968,-120,244.7,8,-58.5,9,8.6455,0.0887,,
969,380,259,58,493.5,105,8.9737,0.0884,,
970,280,263.7,48,399.5,53,8.9625,0.0882,,
971,380,264.7,58,512.0,68,9.3438,0.088,,
972,390,265,59,506.0,104,9.5041,0.0878,,
973,370,264.7,57,502.0,64,9.7552,0.0875,,
974,380,265,58,512.5,67,8.1972,0.0873,,
975,330,262.7,53,455.0,62,7.9768,0.0871,,
976,260,265.7,46,368.0,68,9.0168,0.0869,,
977,350,265.7,55,478.0,64,10.5252,0.0867,,
978,380,269.3,58,512.0,68,8.6994,0.0865,,
979,350,282.7,55,478.0,64,9.4291,0.0862,,
980,370,282.3,57,500.5,67,9.5108,0.086,,
981,330,280,53,455.5,61,9.6322,0.0858,,
982,320,279,52,445.5,57,9.4779,0.0856,,
983,90,270.3,29,181.5,33,11.9694,0.0854,,
984,360,282.3,56,489.5,65,10.746,0.0852,,
985,370,289.3,57,502.0,64,9.7858,0.085,,
986,430,291,63,569.5,73,9.3327,0.0847,,
987,380,299,58,513.5,65,9.1693,0.0845,,
988,360,299.7,56,489.5,65,9.8905,0.0843,,
989,290,298,49,403.5,69,9.3442,0.0841,,
990,320,310.7,52,442.5,63,9.3481,0.0839,,
991,380,324.3,58,512.0,68,8.6156,0.0837,,
992,360,326.3,56,489.5,65,8.8254,0.0835,,
993,370,326,57,500.5,67,9.2901,0.0833,,
994,160,320,36,259.5,45,10.5307,0.0831,,
995,-120,304.7,8,-60.5,13,8.1926,0.0829,,
996,340,303,54,465.0,66,9.1157,0.0827,,
997,370,307,57,501.5,65,9.726,0.0824,,
998,340,322.3,54,467.0,62,9.3352,0.0822,,
999,390,322.7,59,524.0,68,9.1811,0.082,,
1000,160,318.7,36,258.5,47,9.3403,0.0818,380,58
1001,350,317.7,55,477.5,65,8.0832,0.0816,,
1002,400,318,60,534.5,71,8.5839,0.0814,,
1003,380,318.3,58,512.5,67,9.2113,0.0812,,
1004,380,318.3,58,512.5,67,8.5694,0.081,,
1005,-10,307,19,68.5,19,8.2747,0.0808,,
1006,210,305.3,41,317.5,49,9.2183,0.0806,,
1007,130,298,33,223.5,45,8.0438,0.0804,,
1008,360,297.3,56,491.0,62,9.7182,0.0802,,
1009,370,298,57,500.5,67,8.1858,0.08,,
1010,360,297.7,56,489.5,65,9.2317,0.0798,,
1011,-80,284,12,-12.5,13,8.3647,0.0796,,
1012,70,275.7,27,159.0,30,8.5162,0.0794,,
1013,130,277,33,222.5,47,8.6598,0.0792,,
1014,350,276.7,55,477.0,66,8.9801,0.079,,
1015,410,278,61,546.5,71,8.5661,0.0788,,
1016,380,276.3,58,509.0,74,9.2508,0.0786,,
1017,380,276.3,58,511.0,70,8.8909,0.0784,,
1018,340,275.7,54,466.0,64,8.0705,0.0782,,
1019,240,274,44,346.5,63,8.2582,0.078,,
1020,420,277.3,62,559.5,69,9.5389,0.0778,,
1021,350,276.3,55,477.0,66,8.7695,0.0776,,
1022,360,276.3,56,488.0,68,9.2242,0.0774,,
1023,240,272,44,351.5,53,8.8517,0.0773,,
1024,380,279.3,58,514.0,64,9.4999,0.0771,,
1025,160,288.7,36,258.5,47,8.9309,0.0769,,
1026,380,290,58,493.5,105,8.9838,0.0767,,
1027,360,289.7,56,489.0,66,8.9349,0.0765,,
1028,240,286.3,44,346.5,63,7.9315,0.0763,,
1029,390,286.3,59,523.5,69,9.5985,0.0761,,
1030,280,290.3,48,396.5,59,8.9586,0.0759,,
1031,370,291,57,501.0,66,9.5006,0.0757,,
1032,400,291,60,534.5,71,9.0864,0.0755,,
1033,390,291.3,59,515.0,86,8.4374,0.0753,,
1034,390,291.7,59,506.0,104,8.216,0.0752,,
1035,250,300.3,45,364.5,51,9.8054,0.075,,
1036,400,306.7,60,533.0,74,9.3314,0.0748,,
1037,340,313.7,54,466.0,64,8.809,0.0746,,
1038,410,315.3,61,546.5,71,9.2268,0.0744,,
1039,380,315.7,58,493.5,105,8.4373,0.0742,,
1040,370,316,57,500.5,67,9.3762,0.074,,
1041,330,329.7,53,455.0,62,8.7279,0.0738,,
1042,200,334,40,308.5,43,7.5653,0.0737,,
1043,380,342.3,58,512.5,67,8.272,0.0735,,
1044,370,343,57,502.0,64,8.4017,0.0733,,
1045,390,342.3,59,517.5,81,8.0627,0.0731,,
1046,420,343.7,62,542.5,103,9.1249,0.0729,,
1047,300,341,50,419.0,62,8.6994,0.0727,,
1048,390,342.7,59,506.0,104,8.1589,0.0726,,
1049,400,348,60,529.5,81,8.1761,0.0724,,
1050,360,346,56,488.0,68,8.0206,0.0722,350,55
1051,350,346,55,472.0,76,9.1036,0.072,,
1052,390,347,59,524.5,67,8.2712,0.0718,,
1053,390,352,59,517.5,81,8.071,0.0717,,
1054,430,353.7,63,568.0,76,8.0974,0.0715,,
1055,420,362.3,62,557.0,74,8.35,0.0713,,
1056,-70,347.3,13,-1.0,14,11.0556,0.0711,,
1057,450,350.3,65,594.0,72,8.544,0.0709,,
1058,290,352,49,404.5,67,7.8546,0.0708,,
1059,420,353,62,557.5,73,7.8415,0.0706,,
1060,380,356.3,58,510.0,72,9.0931,0.0704,,
1061,380,356.7,58,499.5,93,7.7533,0.0702,,
1062,390,356.3,59,523.5,69,8.2569,0.0701,,
1063,380,356,58,499.0,94,8.6483,0.0699,,
1064,340,354.3,54,467.0,62,7.7071,0.0697,,
1065,370,358.3,57,499.5,69,7.913,0.0695,,
1066,470,360.7,67,603.0,102,8.6049,0.0694,,
1067,370,361.7,57,503.5,61,8.0037,0.0692,,
1068,-120,344,8,-58.5,9,6.157,0.069,,
1069,430,345.7,63,569.5,73,8.6856,0.0688,,
1070,380,346,58,511.0,70,8.4359,0.0687,,
1071,390,348,59,512.5,91,9.3615,0.0685,,
1072,280,350.7,48,399.5,53,8.0642,0.0683,,
1073,260,346.7,46,373.0,58,8.2794,0.0682,,
1074,330,345.3,53,455.0,62,8.3776,0.068,,
1075,420,346.3,62,558.5,71,8.6103,0.0678,,
1076,390,345.3,59,511.0,94,7.8571,0.0677,,
1077,410,349,61,548.5,67,8.1747,0.0675,,
1078,370,348.3,57,499.5,69,8.0085,0.0673,,
1079,310,345.3,51,432.0,60,8.134,0.0671,,
1080,470,349,67,614.5,79,8.7737,0.067,,
1081,460,352.7,66,588.0,108,8.136,0.0668,,
1082,270,348.7,47,387.0,54,7.2967,0.0666,,
1083,0,335.7,20,76.0,28,6.2756,0.0665,,
1084,390,334.3,59,506.5,103,7.3145,0.0663,,
1085,290,330,49,409.5,57,8.5073,0.0661,,
1086,430,346.7,63,570.5,71,8.5511,0.066,,
1087,420,345.7,62,558.0,72,7.7994,0.0658,,
1088,450,351,65,580.0,100,8.2661,0.0657,,
1089,160,342.3,36,254.0,56,7.0832,0.0655,,
1090,0,329.7,20,80.0,20,7.5838,0.0653,,
1091,370,329.3,57,501.0,66,7.547,0.0652,,
1092,430,330.7,63,561.5,89,7.9317,0.065,,
1093,420,332,62,554.0,80,7.5409,0.0648,,
1094,430,335,63,570.0,72,7.8905,0.0647,,
1095,300,332.7,50,421.5,57,7.7347,0.0645,,
1096,420,331,62,558.5,71,7.3669,0.0643,,
1097,350,330.3,55,477.0,66,7.7117,0.0642,,
1098,440,349,64,579.5,77,7.1861,0.064,,
1099,460,350,66,604.0,76,7.6836,0.0639,,
1100,350,349,55,477.5,65,7.5298,0.0637,410,61
1101,290,345.7,49,404.0,68,6.9803,0.0635,,
1102,450,351.3,65,592.5,75,7.4937,0.0634,,
1103,430,357,63,570.0,72,8.0195,0.0632,,
1104,390,359,59,483.0,150,7.3406,0.0631,,
1105,430,359.3,63,570.0,72,7.3997,0.0629,,
1106,400,359.7,60,536.0,68,6.7601,0.0628,,
1107,400,359.3,60,536.0,68,6.4939,0.0626,,
1108,150,352,35,248.0,44,8.1414,0.0624,,
1109,420,355.7,62,556.5,75,7.3362,0.0623,,
1110,430,354.3,63,570.0,72,7.407,0.0621,,
1111,440,353.7,64,582.0,72,7.0341,0.062,,
1112,210,351.7,41,317.0,50,7.2387,0.0618,,
1113,320,362.3,52,443.5,61,7.1285,0.0617,,
1114,340,360.7,54,465.5,65,6.6438,0.0615,,
1115,420,365,62,558.0,72,7.6192,0.0614,,
1116,130,355,33,226.5,39,8.2138,0.0612,,
1117,300,351,50,420.5,59,7.4659,0.0611,,
1118,10,336.3,21,88.5,27,8.0565,0.0609,,
1119,230,338.7,43,342.5,47,6.4631,0.0607,,
1120,430,353,63,570.0,72,6.7131,0.0606,,
1121,440,355.3,64,582.0,72,7.1538,0.0604,,
1122,480,357,68,630.5,71,7.799,0.0603,,
1123,430,357.3,63,570.0,72,8.318,0.0601,,
1124,-10,342.7,19,63.5,29,8.1443,0.06,,
1125,320,343.3,52,443.5,61,6.7501,0.0598,,
1126,410,343,61,546.0,72,6.4254,0.0597,,
1127,130,335.7,33,225.5,41,7.8966,0.0595,,
1128,400,334.3,60,534.0,72,7.0521,0.0594,,
1129,260,327.7,46,373.5,57,7.6094,0.0592,,
1130,-80,313.3,12,-12.5,13,8.3728,0.0591,,
1131,400,317,60,536.0,68,6.4832,0.059,,
1132,340,313.3,54,466.5,63,6.4269,0.0588,,
1133,440,313.7,64,582.0,72,6.6111,0.0587,,
1134,290,310.3,49,409.5,57,6.0034,0.0585,,
1135,450,311,65,594.0,72,7.3078,0.0584,,
1136,460,313,66,604.0,76,6.8038,0.0582,,
1137,400,313,60,534.0,72,7.1687,0.0581,,
1138,440,322.7,64,582.0,72,6.904,0.0579,,
1139,410,322.3,61,548.0,68,7.4889,0.0578,,
1140,260,316.7,46,377.5,49,6.6172,0.0576,,
1141,460,317.3,66,598.5,87,7.0191,0.0575,,
1142,440,325,64,582.0,72,6.5386,0.0574,,
1143,440,329,64,582.0,72,8.2975,0.0572,,
1144,450,332.7,65,594.0,72,6.5462,0.0571,,
1145,410,332.3,61,548.0,68,6.907,0.0569,,
1146,420,342,62,559.0,70,6.0716,0.0568,,
1147,260,340.7,46,374.5,55,7.5973,0.0566,,
1148,450,355.3,65,594.0,72,6.5691,0.0565,,
1149,-120,343.7,8,-58.5,9,7.4294,0.0564,,
1150,440,344,64,582.0,72,6.467,0.0562,440,64
1151,260,338,46,368.5,67,6.5857,0.0561,,
1152,440,336.7,64,582.0,72,6.1132,0.0559,,
1153,430,336.7,63,570.0,72,7.065,0.0558,,
1154,430,351.3,63,571.0,70,6.9521,0.0557,,
1155,370,353,57,500.0,68,6.9334,0.0555,,
1156,440,354,64,582.0,72,5.9915,0.0554,,
1157,400,363,60,534.0,72,6.4837,0.0552,,
1158,340,361,54,460.5,75,6.7063,0.0551,,
1159,400,365.7,60,534.0,72,6.6085,0.055,,
1160,450,383.3,65,594.0,72,7.1638,0.0548,,
1161,430,384.3,63,570.0,72,6.9903,0.0547,,
1162,340,384.3,54,466.5,63,6.5928,0.0546,,
1163,430,384,63,569.5,73,6.4107,0.0544,,
1164,130,378.7,33,227.0,38,6.8869,0.0543,,
1165,440,378.3,64,582.0,72,7.818,0.0541,,
1166,370,375.3,57,501.0,66,6.5974,0.054,,
1167,200,368.7,40,308.5,43,6.5797,0.0539,,
1168,260,362.7,46,374.5,55,6.4005,0.0537,,
1169,200,355.7,40,308.0,44,6.1256,0.0536,,
1170,270,356,47,372.5,83,6.7544,0.0535,,
1171,380,353.3,58,510.5,71,6.5983,0.0533,,
1172,250,347,45,367.0,46,7.1623,0.0532,,
1173,90,335.3,29,181.5,33,6.6508,0.0531,,
1174,100,323.7,30,189.5,41,7.1068,0.0529,,
1175,470,325.7,67,616.0,76,6.8804,0.0528,,
1176,110,315.3,31,206.5,31,7.731,0.0527,,
1177,400,320,60,535.5,69,6.3257,0.0525,,
1178,10,305.3,21,88.5,27,5.7554,0.0524,,
1179,200,316,40,308.0,44,7.7402,0.0523,,
1180,300,311.3,50,420.5,59,6.9745,0.0521,,
1181,110,306.3,31,206.5,31,5.9719,0.052,,
1182,90,294.7,29,181.5,33,6.6504,0.0519,,
1183,400,293.7,60,536.0,68,6.9631,0.0518,,
1184,400,292.7,60,536.0,68,7.1593,0.0516,,
1185,440,295,64,582.0,72,7.2257,0.0515,,
1186,440,295,64,581.5,73,6.7426,0.0514,,
1187,50,283.3,25,134.5,31,7.2637,0.0512,,
1188,250,280.3,45,360.0,60,6.0954,0.0511,,
1189,430,281.3,63,569.5,73,6.5232,0.051,,
1190,10,266.7,21,90.0,24,6.9046,0.0509,,
1191,270,261.3,47,386.0,56,7.0109,0.0507,,
1192,-70,247.7,13,-4.0,20,5.5491,0.0506,,
1193,120,237.3,32,215.0,38,6.7567,0.0505,,
1194,-120,229,8,-58.5,9,7.1247,0.0504,,
1195,110,218,31,206.5,31,7.422,0.0502,,
1196,110,209.3,31,206.5,31,6.3215,0.0501,,
1197,110,206.3,31,206.5,31,7.0914,0.05,,
1198,120,201.7,32,215.0,38,8.0835,0.05,,
1199,230,202.7,43,342.5,47,6.8517,0.05,,
1200,320,204.3,52,418.0,112,6.7441,0.05,440,64
